<?xml version="1.0" encoding="UTF-8"?>
<!DOCTYPE hibernate-configuration PUBLIC
		"-//Hibernate/Hibernate Configuration DTD 3.0//EN"
		"http://www.hibernate.org/dtd/hibernate-configuration-3.0.dtd">
<hibernate-configuration>
    <session-factory>
        <property name="hibernate.connection.driver_class">com.mysql.jdbc.Driver</property>
        <property name="hibernate.connection.password">root@123</property>
        <property name="hibernate.connection.url">jdbc:mysql://localhost:3306//pets</property>
        <property name="hibernate.connection.username">root</property>
        <property name="hibernate.dialect">org.hibernate.dialect.MySQLDialect</property>
        <!--SQL dialect-->
    <property name="dialect">org.hibernate.dialect.H2Dialect</property>
	<property name="show_sql">true</property>
	<property name="format_sql">true</property>
	<property name="current_session_context_class">thread</property>
	<!-- Update or create DB on startup -->
	<property name="hbm2ddl.auto">update</property> 
	<!-- Names the annotated entity class -->
    <mapping class="com.example.Product"/>
   
    </session-factory>
</hibernate-configuration>
